{"cameraMode":{"drawMode":0,"name":"Shaded","section":"Shading Mode"},"sceneLighting":true,"audioPlay":false,"sceneViewState":{"m_AlwaysRefresh":false,"showFog":true,"showSkybox":true,"showFlares":true,"showImageEffects":true,"showParticleSystems":true,"showVisualEffectGraphs":true,"m_FxEnabled":true},"in2DMode":false,"pivot":{"x":-2.137122631072998,"y":1.3312700986862183,"z":-0.935633659362793},"rotation":{"x":-0.5084356069564819,"y":0.011107065714895726,"z":-0.0065545192919671539,"w":-0.8610177040100098},"size":10.069957733154297,"orthographic":false}